"CONTRAST_ID"	"TASK_ID"	"CONTRAST_NAME"
"cnt_4b1969ec1404f"	"trm_4b1968619b00b"	"Congruent"
"cnt_4b1969ffa81fe"	"trm_4b1968619b00b"	"Incongruent"
"cnt_4b196a106e854"	"trm_4b1968619b00b"	"Neutral"
"cnt_4b196a25d1671"	"trm_4b1968619b00b"	"Incongruent - Congruent"
"cnt_4b196a314e3c4"	"trm_4b1968619b00b"	"Incongruent - Neutral"
"cnt_4b44a4d544ee7"	"tsk_4a57abb949e1a"	"Go trial"
"cnt_4b44a4f353f68"	"tsk_4a57abb949e1a"	"Stop trial"
"cnt_4b44a5321112e"	"tsk_4a57abb949e1a"	"Stop Signal Reaction Time"
"cnt_4b4a2f2e27574"	"tsk_4a57abb949a93"	"Go trials"
"cnt_4b4a2f46e2faa"	"tsk_4a57abb949a93"	"Stop trial"
"cnt_4b4a51b667f6c"	"tsk_4a57abb949bcd"	"0-back"
"cnt_4b4a538defadc"	"trm_4b4a537644d76"	"Target"
"cnt_4b4a53b3e9525"	"trm_4b4a537644d76"	"Nontarget"
"cnt_4b4a5473705db"	"tsk_4a57abb949bcd"	"1-back"
"cnt_4b4a5481dc0f2"	"tsk_4a57abb949bcd"	"2-back"
"cnt_4b4a5490f1bb4"	"tsk_4a57abb949bcd"	"3-back"
"cnt_4b4a54dd8d597"	"tsk_4a57abb949bcd"	"3-back minus 1-back"
"cnt_4b4a5f651765d"	"tsk_4a57abb9499f1"	"no delay"
"cnt_4b4a5f85437c2"	"tsk_4a57abb9499f1"	"delay"
"cnt_4b4a609f11b96"	"tsk_4a57abb9499f1"	"delay minus no delay"
"cnt_4b65e60a2f37a"	"trm_4b65e5e2ab3ca"	"Matching"
"cnt_4b65e62c5351c"	"trm_4b65e5e2ab3ca"	"Non-matching"
"cnt_4b7c0325a9f17"	"trm_4b749b8829eee"	"Segmented blocks"
"cnt_4b7c03351fc78"	"trm_4b749b8829eee"	"Unsegmented blocks"
"cnt_4b7c041db99fb"	"trm_4b75ea4ddd896"	"Difficulty Level 1"
"cnt_4b7c04350ce30"	"trm_4b75ea4ddd896"	"Difficulty Level 2"
"cnt_4b7c044e556ea"	"trm_4b75ea4ddd896"	"Difficulty Level 3"
"cnt_4b7c0a3329368"	"tsk_4a57abb949f21"	"First category"
"cnt_4b7c0aa41e7a4"	"tsk_4a57abb949f21"	"Subsequent categories"
"cnt_4b7c101e9b549"	"tsk_4a57abb949f21"	"Perseverative errors"
"cnt_4b7c1033c2b16"	"tsk_4a57abb949f21"	"Nonperseverative errors"
"cnt_4b7c108cc7a68"	"tsk_4a57abb949f21"	"Failure to maintain set"
"cnt_4b7c10b1b1de1"	"tsk_4a57abb949f21"	"Total number of categories acheived"
"cnt_4b82d26b480ea"	"trm_4b7497a289534"	"Unsegmented blocks"
"cnt_4b82d27f31194"	"trm_4b7497a289534"	"Segmented blocks"
"cnt_4b8436b57862e"	"trm_4b843655d5d75"	"Congruent"
"cnt_4b8436c051c94"	"trm_4b843655d5d75"	"Incongruent"
"cnt_4b8436e073769"	"trm_4b843655d5d75"	"Incongruent"
"cnt_4bd1ebae45752"	"tsk_4a57abb949e8a"	"Switch trial"
"cnt_4bd1ebdb08e17"	"tsk_4a57abb949e8a"	"Repeat trial"
"cnt_4bd1ec505dd14"	"tsk_4a57abb949e8a"	"switch trial - repeat trial = switch cost"
"cnt_4be6eb858054b"	"tsk_4a57abb949b38"	"Words"
"cnt_4be6ebc7c0886"	"tsk_4a57abb949b38"	"Pseudowords"
"cnt_4be6ec0d002ee"	"tsk_4a57abb949b38"	"Consonant letter strings"
"cnt_4be6ec2f802fb"	"tsk_4a57abb949b38"	"Fixation"
"cnt_4be6ec4cb064c"	"tsk_4a57abb949b38"	"Words - Pseudowords"
"cnt_4be6ec6e29f57"	"tsk_4a57abb949b38"	"Words - Consonant letter strings"
"cnt_4be6ec7c08a71"	"tsk_4a57abb949b38"	"Words - Fixation"
"cnt_4c6b5fd5bfc41"	"tsk_4a57abb949e1a"	"Successful Stop Trial"
"cnt_4c6b600d4b80f"	"tsk_4a57abb949e1a"	"Unsuccessful stop trial"
"cnt_4c9961cd8a778"	"trm_4c40d2a93ea15"	"d&#39;-Context"
"cnt_4c9970e9759d2"	"trm_4c40d2a93ea15"	"beta (response criterion)"
"cnt_4c9974a44a920"	"trm_4c3e0add96550"	"delay period distractor task"
"cnt_4c9975fc3078c"	"trm_4c3e0add96550"	"sensory modality"
"cnt_4caced7c54a55"	"tsk_4a57abb949e1a"	"Successful Stop trial - Go trial"
"cnt_4cacee7c21792"	"trm_4cacee4a1d875"	"Gain parameter"
"cnt_4cacee8ad4b14"	"trm_4cacee4a1d875"	"Loss parameter"
"cnt_4caceed40b5b9"	"trm_4cacee4a1d875"	"Loss aversion"
"cnt_4cacf26718047"	"trm_4cacf22a22d80"	"Probabilistic classification trials"
"cnt_4cacf41109351"	"trm_4cacf3fbc503b"	"Go trials"
"cnt_4cacf44631b29"	"trm_4cacf3fbc503b"	"Stop-critical trial"
"cnt_4cacf4680bbcd"	"trm_4cacf3fbc503b"	"Stop-noncritical trial"
"cnt_4de53abc62d10"	"tsk_4a57abb94981d"	"meaningless"
"cnt_4de53a9746a40"	"tsk_4a57abb94981d"	"meaningful"
"cnt_4d949c8f3101c"	"trm_4d949c5b0e380"	"Word - baseline"
"cnt_4d949c9b01604"	"trm_4d949c5b0e380"	"Pseudoword - baseline"
"cnt_4de55b6707536"	"tsk_4a57abb949869"	"antisaccade"
"cnt_4de55b77a9984"	"tsk_4a57abb949869"	"prosaccade"
"cnt_4de56f49c2858"	"tsk_4a57abb949a0d"	"forward"
"cnt_4de56f7a17762"	"tsk_4a57abb949a0d"	"backward"
"cnt_4de5759d116f4"	"tsk_4a57abb94989b"	"subject groups"
"cnt_4de575b6944bf"	"tsk_4a57abb949a85"	"subject groups"
"cnt_4de5785aaade9"	"trm_4d559bcd67c18"	"positive feedback"
"cnt_4de5788dbc6ec"	"trm_4d559bcd67c18"	"negative feedback"
"cnt_4de57f6d43cfd"	"tsk_4a57abb9498ab"	"Negativity Scale"
"cnt_4de57f7db9e97"	"tsk_4a57abb9498ab"	"Inconsistency Scale"
"cnt_4de583fcb0789"	"tsk_4a57abb9498bc"	"short form"
"cnt_4de584598a9c7"	"tsk_4a57abb9498bc"	"long form"
"cnt_4de6716415d2d"	"tsk_4a57abb9498ce"	"copying test"
"cnt_4de671af5aeb3"	"tsk_4a57abb9498ce"	"size match"
"cnt_4de671d131ff9"	"tsk_4a57abb9498ce"	"length match"
"cnt_4de671e75974e"	"tsk_4a57abb9498ce"	"orientation match"
"cnt_4de6722368730"	"tsk_4a57abb9498ce"	"position gap match"
"cnt_4de674d6a85e6"	"tsk_4a57abb9498ce"	"overlapping figures test"
"cnt_4de6758abdfa5"	"tsk_4a57abb9498ce"	"object decision"
"cnt_4de677aa1e1bb"	"tsk_4a57abb9498ce"	"minimal feature match"
"cnt_4de67800c904a"	"tsk_4a57abb9498ce"	"foreshortened match"
"cnt_4de6789784d77"	"tsk_4a57abb9498ce"	"drawing from memory test"
"cnt_4de678e027440"	"tsk_4a57abb9498ce"	"picture naming"
"cnt_4de6875390f37"	"tsk_4a57abb9498df"	"percent correct (number of correct sequences/number of total sequences)"
"cnt_4de68ca153c38"	"tsk_4a57abb9498ef"	"percent correct (number of correct responses/number of total pictures)"
"cnt_4de69a61a2545"	"trm_4c898a680e424"	"breath-holding index (mean blood flow velocity over time)"
"cnt_4de6a278a7dd5"	"tsk_4a57abb949900"	"immediate recall"
"cnt_4de6a2be90526"	"tsk_4a57abb949900"	"interference"
"cnt_4de6a2f38a5ed"	"tsk_4a57abb949900"	"long recall"
"cnt_4de6a334313b1"	"tsk_4a57abb949900"	"recognition trial"
"cnt_4de6ad74bd885"	"tsk_4a57abb949912"	"same images"
"cnt_4de6add395167"	"tsk_4a57abb949912"	"novel images"
"cnt_4de6ae3e231dd"	"tsk_4a57abb949912"	"novel images with noise"
"cnt_4de6b5d032f89"	"trm_4d54b2cc0f943"	"correct answers times probability of each color"
"cnt_4de6b69d1e765"	"trm_4d54b2cc0f943"	"ratio"
"cnt_4de6b87a44743"	"tsk_4a57abb949923"	"total correct responses for all categories"
"cnt_4de6bfac7a994"	"tsk_4a57abb949934"	"stimulus"
"cnt_4de6bfdf5905a"	"tsk_4a57abb949934"	"non-stimulus"
"cnt_4de6c00e51eda"	"tsk_4a57abb949934"	"right hand"
"cnt_4de6c02033259"	"tsk_4a57abb949934"	"left hand"
"cnt_4de6c3b459269"	"tsk_4a57abb949879"	"response to first stimulus"
"cnt_4de6c3c82d46d"	"tsk_4a57abb949879"	"magnitude of response to second stimulus"
"cnt_4de6c5f53e708"	"trm_4d55a2bbcfdff"	"risky option"
"cnt_4de6c62e9b5da"	"trm_4d55a2bbcfdff"	"non-risky option"
"cnt_4de6c84f74508"	"trm_4c898acd1f28e"	"conditioned stimulus"
"cnt_4de6c8bbe6734"	"trm_4c898acd1f28e"	"unconditioned stimulus"
"cnt_4de6c945846f2"	"trm_4c898acd1f28e"	"unconditioned response"
"cnt_4de6c9842dbbe"	"trm_4c898acd1f28e"	"conditioned response"
"cnt_4de6d03ae67ac"	"tsk_4a57abb9499a8"	"formulating sentences subtest"
"cnt_4de6d066cb97a"	"tsk_4a57abb9499a8"	"recalling sentences subtest"
"cnt_4de6d0d5790a3"	"tsk_4a57abb9499a8"	"sentence structure subtest"
"cnt_4de6d1194349d"	"tsk_4a57abb9499a8"	"concepts and directions subtest"
"cnt_4de6d1650c739"	"tsk_4a57abb9499a8"	"word classes subtest"
"cnt_4de6d2747197f"	"tsk_4a57abb9499a8"	"word structure subtest"
"cnt_4de6d30243eb5"	"tsk_4a57abb9499a8"	"standard deviation"
"cnt_4de6d42855dcd"	"tsk_4a57abb9499a8"	"semantic relationships subtest"
"cnt_4de6d45dd9ceb"	"tsk_4a57abb9499a8"	"sentence assembly subtest"
"cnt_4de7b92a0ce43"	"tsk_4a57abb9499b8"	"accuracy"
"cnt_4e5e7ca787237"	"trm_4e5e7ac84c2e5"	"Stimulation at PT+1.3Â°C minus Baseline"
"cnt_4e5e7c8b11873"	"trm_4e5e7ac84c2e5"	"Stimulation at PT+0.7Â°C minus Baseline"
"cnt_4de7c5b19456f"	"tsk_4a57abb9499c7"	"number of false positives"
"cnt_4de7c5df194ea"	"tsk_4a57abb9499c7"	"number of false negatives (missed words)"
"cnt_4de7c6ae5a2a1"	"tsk_4a57abb9499c7"	"number of correct identifications"
"cnt_4de7d07b4366d"	"trm_4c898b29660b0"	"hit rate (number of correct recognitions)"
"cnt_4de7d0972591c"	"trm_4c898b29660b0"	"false alarm rate (number of incorrect recognitions)"
"cnt_4de7d0b31ce2e"	"trm_4c898b29660b0"	"miss rate (number of items subject failed to recognize)"
"cnt_4de7d854ceb50"	"tsk_4a57abb9499d5"	"number or value of rewards times probability of reward"
"cnt_4de7d90024fe4"	"tsk_4a57abb9499d5"	"money earned"
"cnt_4de7d90ca34da"	"tsk_4a57abb9499d5"	"probability of highest reward"
"cnt_4de7dc695fabb"	"trm_4c898b4b463aa"	"hider"
"cnt_4de7dcca346d1"	"trm_4c898b4b463aa"	"guesser"
"cnt_4de7ddfb129a6"	"trm_4c898b4b463aa"	"object occlusion and misinformation scores"
"cnt_4de7de54cdce7"	"trm_4c898b4b463aa"	"accuracy"
"cnt_4de7e52cd0ad6"	"trm_4c898b8c2d071"	"valid"
"cnt_4de7e54b3b8d8"	"trm_4c898b8c2d071"	"invalid"
"cnt_4de90fe2177d0"	"tsk_4a57abb9499e3"	"reaction time to correct stimuli"
"cnt_4de919cf2b2bd"	"tsk_4a57abb9499ff"	"d&#39;"
"cnt_4de91cc952b43"	"trm_4d559d2703bae"	"positive feedback"
"cnt_4de91ce5f279a"	"trm_4d559d2703bae"	"negative feedback"
"cnt_4de929a613652"	"tsk_4a57abb949a25"	"immediate memory copy"
"cnt_4de929f98367a"	"tsk_4a57abb949a25"	"general memory copy"
"cnt_4de92b983089e"	"tsk_4a57abb949a25"	"digit/symbol coding - symbol copy"
"cnt_4de93a6779688"	"trm_4c898bbab4fd4"	"response time and accuracy"
"cnt_4de93d2864ae9"	"tsk_4a57abb949a33"	"verbal recall (people test)"
"cnt_4de93ddadf379"	"tsk_4a57abb949a33"	"visual recognition (doors test)"
"cnt_4de93e2a13bb5"	"tsk_4a57abb949a33"	"visual recall (shapes test)"
"cnt_4de93e831c09d"	"tsk_4a57abb949a33"	"verbal recognition (names test)"
"cnt_4de948beb7f3c"	"trm_4c898be57fcbc"	"overall similarity to intended picture"
"cnt_4de95d2ff1462"	"trm_4c898a8fd3afb"	"muscle control"
"cnt_4de95f0aa8476"	"trm_4c898c0786246"	"amount consumed"
"cnt_4de963f853b03"	"tsk_4a57abb949a41"	"sum of strength scores x sum of items per hand"
"cnt_4de968d88e3d3"	"trm_4c898c33ee5f8"	"# items remembered with encoding task - number remembered without"
"cnt_4de96cd8c9aad"	"trm_4c898c8bf1b4f"	"number of correct identifications"
"cnt_4decfedb91973"	"tsk_4a57abb949a4f"	"congruent"
"cnt_4decff04d5cb5"	"tsk_4a57abb949a4f"	"incongruent"
"cnt_4decff6567821"	"tsk_4a57abb949a4f"	"incongruent response time - congruent response time"
"cnt_4ded050f2e7f1"	"tsk_4a57abb949a5d"	"average number of trials per pattern change"
"cnt_4ded127195273"	"tsk_4a57abb949a6a"	"emotion detection"
"cnt_4ded129f8c996"	"tsk_4a57abb949a6a"	"identity detection"
"cnt_4ded1fc8db0c2"	"tsk_4a57abb949a78"	"score"
"cnt_4ded2a911252c"	"trm_4c898f079d05e"	"% rhythm maintainance"
"cnt_4ded2aa1ea79d"	"trm_4c898f079d05e"	"tap speed"
"cnt_4ded2ba5e3681"	"trm_4c898f079d05e"	"rhythm tap"
"cnt_4ded2bceeda6b"	"trm_4c898f079d05e"	"time tap"
"cnt_4ded3a95a6098"	"trm_4c898f72228f3"	"fixation time below maximum degree of eye movement"
"cnt_4ded3b16cdb74"	"trm_4c898f72228f3"	"degree of eye movement"
"cnt_4ded480d5aec0"	"tsk_4a57abb949a85"	"length of longest correct sequence"
"cnt_4ded4b345f82a"	"trm_4c898fc6722f4"	"emotion manipulation"
"cnt_4ded4b7c49083"	"trm_4c898fc6722f4"	"category list"
"cnt_4ded4dc5b5118"	"tsk_4a57abb949a93"	"stop minus go"
"cnt_4ded518b33a0b"	"trm_4c898ff0bea97"	"response time"
"cnt_4ded51930eba6"	"trm_4c898ff0bea97"	"kinematics"
"cnt_4ded542c8c4f8"	"tsk_4a57abb949aa1"	"sum of rate, accuracy, fluency, and comprehension scaled scores"
"cnt_4ded60eb3a50f"	"tsk_4a57abb949aae"	"accuracy"
"cnt_4dee50b24d8c4"	"trm_4c899005b11d5"	"real task time minus imagined task time"
"cnt_4dee50d11696f"	"trm_4c899005b11d5"	"real task areas of activation minus imagined task areas of activation"
"cnt_4dee50e19a0a5"	"trm_4c899005b11d5"	"real task effort minus imagined task effort"
"cnt_4dee551d3a46b"	"trm_4c89903149aeb"	"real visual areas of activation minus imagined task areas of activation"
"cnt_4dee593ebfcc7"	"trm_4c89903149aeb"	"physical representation of imagined object"
"cnt_4dee5f41244cc"	"tsk_4a57abb949abc"	"number or percentage of words remembered"
"cnt_4dee7fcd869e8"	"trm_4d8a48e403c78"	"accuracy of participant minus average accuracy of controls"
"cnt_4deeb0951bd72"	"tsk_4a57abb949aca"	"arousal in response to picture minus baseline arousal"
"cnt_4deff762a9fb7"	"tsk_4a57abb949ad7"	"accuracy of subject minus average accuracy of controls"
"cnt_4df108c45e041"	"tsk_4a57abb949a5d"	"accuracy of subject minus average accuracy of controls"
"cnt_4df10c8ee9834"	"tsk_4a57abb949ae5"	"response time for risky decks minus response time for advantageous decks"
"cnt_4df10d2fb170f"	"tsk_4a57abb949ae5"	"accuracy of subject minus average accuracy of controls"
"cnt_4df10f9cbd86c"	"tsk_4a57abb949af3"	"number of plates read correctly by controls with normal color vision minus number of plates read correctly by subject"
"cnt_4df114130545a"	"tsk_4a57abb949af3"	"Transformation plates"
"cnt_4df1143e30adb"	"tsk_4a57abb949af3"	"Vanishing plates"
"cnt_4df11498b1933"	"tsk_4a57abb949af3"	"Hidden Digits plates"
"cnt_4df118fd720dd"	"trm_4c8990480ad0f"	"MVC minus baseline"
"cnt_4df133a20d8da"	"tsk_4a57abb949b00"	"reaction time to figures minus reaction time to Kanizsa figures"
"cnt_4df133b48842d"	"tsk_4a57abb949b00"	"accuracy of participant minus average accuracy of controls"
"cnt_4df13aaa3f2be"	"trm_4c40d4054f38b"	"accuracy of subject minus average accuracy of controls"
"cnt_4df13d6084e80"	"tsk_4a57abb949b0e"	"standard deviation from the mean population score in the language of the participant"
"cnt_4df1456d05cab"	"tsk_4a57abb949b2b"	"accuracy of participant minus average accuracy of age-matched controls"
"cnt_4df1585e55f60"	"trm_4c3e0a9576c3b"	"longest correct sequence of controls minus longest correct sequence of subject"
"cnt_4df24f7376278"	"trm_4c40d1d16071e"	"size of subject sentence set minus average size of sentence set of control subjects"
"cnt_4df25f35f17e3"	"tsk_4a57abb949b54"	"subject score minus average normal score"
"cnt_4df2609ceae39"	"tsk_4a57abb949b54"	"Contamination/Cleaning"
"cnt_4df260fd670ea"	"tsk_4a57abb949b54"	"Checking"
"cnt_4df26137bc72d"	"tsk_4a57abb949b54"	"Slowness"
"cnt_4df261fc3cd71"	"tsk_4a57abb949b54"	"Doubting"
"cnt_4df26493887a0"	"trm_4c8990810541d"	"average male score minus average female score"
"cnt_4df265ff04368"	"trm_4c8990810541d"	"areas of activation during task minus baseline"
"cnt_4df26816e1c98"	"trm_4b9568b2865c2"	"subject score minus population-matched average score"
"cnt_4df289c4c46fa"	"trm_4c89909cc1f33"	"areas of activation during task minus baseline"
"cnt_4df28c7e2f855"	"tsk_4a57abb949bb1"	"participant score minus average score"
"cnt_4df2917218780"	"tsk_4a57abb949bbf"	"accuracy of participant minus average accuracy of controls"
"cnt_4df2918824fb9"	"tsk_4a57abb949bbf"	"longest correct sequence of controls minus longest correct sequence of subject"
"cnt_4df293d2889cb"	"trm_4cacee4a1d875"	"number of choices with greater chance of loss than gain minus number of choices with greater chance of gain than loss"
"cnt_4df298c596941"	"trm_4c8990b07a037"	"Comprehension"
"cnt_4df298fddce13"	"trm_4c8990b07a037"	"Production"
"cnt_4df29910c149e"	"trm_4c8990b07a037"	"areas of activation during task minus baseline"
"cnt_4df29978d4002"	"trm_4c8990b07a037"	"accuracy of subject minus average accuracy of controls"
"cnt_4df29e99a47ae"	"tsk_4a57abb949bdb"	"standard deviation from the mean score"
"cnt_4df29eca27ab5"	"tsk_4a57abb949bdb"	"time to complete task with non-dominant hand minus time to complete task with dominant hand"
"cnt_4df2a238dd66b"	"trm_4c8990f59266f"	"areas of activation during task minus baseline"
"cnt_4df2a27d637b3"	"trm_4c8990f59266f"	"average rating of sensation minus subject rating of sensation "
"cnt_4df2a4307daec"	"trm_4c8990f59266f"	"rating of sensation minus baseline"
"cnt_4df2a4cb64388"	"trm_4c89910b7f8bc"	"average rating of sensation minus subject rating of sensation"
"cnt_4df2a4d2ecac9"	"trm_4c89910b7f8bc"	"areas of activation during task minus baseline"
"cnt_4df2a4de25215"	"trm_4c89910b7f8bc"	"rating of sensation minus baseline"
"cnt_4df663cf4ea8a"	"tsk_4a57abb949be9"	"d&#39; (difference between correct identifications and false alarms)"
"cnt_4df66400663ec"	"tsk_4a57abb949be9"	"accuracy of participant minus average accuracy of controls"
"cnt_4df66a33d6b43"	"tsk_4a57abb949bf6"	"ERP strength minus baseline"
"cnt_4df66a407cc2e"	"tsk_4a57abb949bf6"	"areas of activation during task minus baseline"
"cnt_4df66a5dec65d"	"tsk_4a57abb949bf6"	"accuracy of participant minus average accuracy of controls"
"cnt_4df67df7aaaea"	"trm_4c89912c79030"	"average accuracy of controls minus accuracy of participant"
"cnt_4df6818a8bcec"	"trm_4c40d10cd776e"	"operation span of participant minus average operation span of controls"
"cnt_4df685e797da2"	"trm_4c89913f80802"	"average accuracy of controls minus accuracy of participant"
"cnt_4df689d409dec"	"trm_4c8991c5beb0a"	"average rating of sensation minus subject rating of sensation"
"cnt_4df689e663ffe"	"trm_4c8991c5beb0a"	"areas of activation during task minus baseline"
"cnt_4df689fe846de"	"trm_4c8991c5beb0a"	"subject rating during task minus subject baseline rating"
"cnt_4df68cac967cc"	"trm_4c8991e6e8597"	"accuracy of participant minus average accuracy of controls"
"cnt_4df6974d8c674"	"tsk_4a57abb949c04"	"subject&#39;s pantomime ability compared to controls"
"cnt_4df69a929ce35"	"trm_4c8991fadfe01"	"areas of activation during task minus baseline"
"cnt_4df69aa85f4ee"	"trm_4c8991fadfe01"	"BOLD activity during task minus baseline"
"cnt_4df69c712873f"	"trm_4c899211a965c"	"areas of activation during task minus baseline"
"cnt_4df69c7742c35"	"trm_4c899211a965c"	"BOLD activity during task minus baseline"
"cnt_4df6a3169f42a"	"trm_4c89922cb6402"	"accuracy of participant minus average accuracy of controls"
"cnt_4df6a77053b3f"	"tsk_4a57abb949cfb"	"accuracy of participant minus average accuracy of age-matched controls"
"cnt_4df7af3c32a49"	"trm_4c89924414c69"	"accuracy of participant minus average accuracy of controls"
"cnt_4df7bfc72c237"	"trm_4c89926767870"	"standard deviation of error"
"cnt_4df8e1f29b788"	"tsk_4a57abb949d17"	"Uncued"
"cnt_4df8e24a62cc8"	"tsk_4a57abb949d17"	"Congruent Cue"
"cnt_4df8e2760df07"	"tsk_4a57abb949d17"	"Incongruent Cue"
"cnt_4df8e29765d7b"	"tsk_4a57abb949d17"	"incongruent response time - congruent response time"
"cnt_4df8e2af408ed"	"tsk_4a57abb949d17"	"congruent response time - uncued response time"
"cnt_4df8e8f10f33a"	"trm_4cacf22a22d80"	"proportion of correct responses across all trials minus proportion correct on early trials"
"cnt_4df8e900881cf"	"trm_4cacf22a22d80"	"accuracy of participant minus average accuracy of controls"
"cnt_4df8ef730f4cb"	"trm_4d54b61a14a14"	"gains minus losses"
"cnt_4df8ef7a8d7c3"	"trm_4d54b61a14a14"	"accuracy of participant minus average accuracy of controls"
"cnt_4df8fae1e604a"	"tsk_4a57abb949d25"	"Word"
"cnt_4df8fb518c099"	"tsk_4a57abb949d25"	"Morphologically Decomposable Pseudowords"
"cnt_4df8fb9e0224f"	"tsk_4a57abb949d25"	"Morphologically Non-decomposable Pseudowords"
"cnt_4df8fc0a76f53"	"tsk_4a57abb949d25"	"Response time to morphologically non-decomposable pseudowords minus response time to morphologically decomposable psuedowords"
"cnt_4df8fc1e54759"	"tsk_4a57abb949d25"	"response time to pseudowords minus response time to words"
"cnt_4df9011fa1f5b"	"tsk_4a57abb949d32"	"accuracy of participant minus average accuracy of controls"
"cnt_4df9015bcfad3"	"tsk_4a57abb949d32"	"accuracy during task minus accuracy of some baseline test (like matching)"
"cnt_4df914f00dd42"	"trm_4b86c2e871b14"	"standard deviation from the mean time"
"cnt_4df91d85ed597"	"trm_4b86dbcd8ff78"	"ERP strength minus baseline"
"cnt_4df91dc172a88"	"trm_4b86dbcd8ff78"	"accuracy during task minus accuracy of some baseline test (e.g. only one pattern)"
"cnt_4df91dd29b1c6"	"trm_4b86dbcd8ff78"	"accuracy of participant minus average accuracy of controls"
"cnt_4df928c85f523"	"trm_4c40d168898db"	"reading span of participant minus average reading span of controls"
"cnt_4df92bccc5ae1"	"tsk_4a57abb949d40"	"d&#39; (difference between correct identifications and false alarms)"
"cnt_4df938dc89175"	"tsk_4a57abb949d4e"	"standard deviation from the mean accuracy score"
"cnt_4df9397fa59bd"	"tsk_4a57abb949d4e"	"accuracy of participant minus average accuracy of controls"
"cnt_4df93a3c9bd2c"	"tsk_4a57abb949d4e"	"gains minus losses"
"cnt_4dfa36c40f3a1"	"trm_4d949c5b0e380"	"Pseudoword - word"
"cnt_4dfa3bb649f8a"	"tsk_4a57abb949d5b"	"frequency of selecting the safe choice (20) minus frequency of selecting risky choices (40 and 80)"
"cnt_4dfa3e4d70781"	"tsk_4a57abb949d69"	"listening span of participant minus average listening span"
"cnt_4dfa3ebab2930"	"tsk_4a57abb949d69"	"listening comprehension of participant minus average listening comprehension"
"cnt_4dfa3ef2bcbf0"	"tsk_4a57abb949d69"	"listening span with comprehension questions minus listening span without"
"cnt_4dfa3f0edd3d4"	"tsk_4a57abb949d69"	"listening comprehension with listening span task minus listening comprehension without"
"cnt_4dfa42ba0f7c2"	"trm_4b75ea4ddd896"	"Accuracy on level 3 minus accuracy on level 1"
"cnt_4dfa42dddd062"	"trm_4b75ea4ddd896"	"Overall accuracy of participant minus average accuracy"
"cnt_4dfa46d8c1622"	"tsk_4a57abb949d76"	"response time with competing stimuli minus response time with a single stimuli or congruent stimuli"
"cnt_4dfa4752a1120"	"tsk_4a57abb949d76"	"accuracy with a single stimuli or congruent stimuli minus accuracy with competing stimuli "
"cnt_4dfa523d45d5b"	"trm_4c40d325977f0"	"accuracy of participant minus average accuracy of controls"
"cnt_4dfa6ad39f546"	"tsk_4a57abb949d84"	"Semantically correct"
"cnt_4dfa6b1c622b1"	"tsk_4a57abb949d84"	"Semantically anomalous"
"cnt_4dfa6bad0c724"	"tsk_4a57abb949d84"	"d&#39; (difference between correct identifications and false alarms)"
"cnt_4dfa6be222aa7"	"tsk_4a57abb949d84"	"accuracy on semantically anomalous sentences minus accuracy on semantically correct sentences"
"cnt_4dfa704eaedf9"	"tsk_4a57abb949d92"	"ERP for related stimuli minus ERP for unrelated stimuli"
"cnt_4dfa709c313b1"	"tsk_4a57abb949d92"	"accuracy of participant minus average accuracy of controls"
"cnt_4dfa71f0c9d32"	"tsk_4a57abb949d92"	"Semantically associated items"
"cnt_4dfa7237ec1f0"	"tsk_4a57abb949d92"	"Semantically unrelated items"
"cnt_4dfa7d117d48f"	"trm_4c8a83cac75f5"	"accuracy with learning minus accuracy without learning/practice"
"cnt_4dfa7d1ad09a6"	"trm_4c8a83cac75f5"	"accuracy of participant minus average accuracy of controls"
"cnt_4dfa8214869b9"	"tsk_4a57abb949dad"	"accuracy of participant minus average accuracy of controls"
"cnt_4dfa838286e12"	"tsk_4a57abb949dad"	"perservative errors minus nonperservative errors"
"cnt_4dfa889b33ecf"	"tsk_4a57abb949dbb"	"Congruent Cue"
"cnt_4dfa891db4cf7"	"tsk_4a57abb949dbb"	"Incongruent Cue"
"cnt_4dfa893ade336"	"tsk_4a57abb949dbb"	"incongruent response time - congruent response time"
"cnt_4dfa89596184f"	"tsk_4a57abb949dbb"	"accuracy to congruent cues minus accuracy to incongruent cues"
"cnt_4dfa9088a6739"	"tsk_4a57abb949dc8"	"accuracy of participant minus average accuracy of controls"
"cnt_4dfa90af8345d"	"tsk_4a57abb949dc8"	"reaction time of participant minus average reaction time of controls"
"cnt_4dfa90c46cf46"	"tsk_4a57abb949dc8"	"reaction time after some manipulation minus reaction time at baseline"
"cnt_4dfa93ee97bc8"	"tsk_4a57abb949dd6"	"d&#39; (difference between correct identifications and false alarms)"
"cnt_4dfa94d49dc90"	"tsk_4a57abb949dd6"	"accuracy of recognition minus accuracy of source identification"
"cnt_4dfb9a322c52f"	"tsk_4a57abb949df1"	"0-back"
"cnt_4dfb9a75a2cff"	"tsk_4a57abb949df1"	"1-back"
"cnt_4dfb9ab8d70ce"	"tsk_4a57abb949df1"	"2-back"
"cnt_4dfb9af098602"	"tsk_4a57abb949df1"	"3-back"
"cnt_4dfb9b0719363"	"tsk_4a57abb949df1"	"3-back minus 0-back"
"cnt_4dfba830d0974"	"tsk_4a57abb949dfe"	"difference between scores at different times of administration"
"cnt_4dfba849ece4c"	"tsk_4a57abb949dfe"	"participant score minus average score"
"cnt_4dfba87cdaf19"	"tsk_4a57abb949dfe"	"Trait Anxiety "
"cnt_4dfba8b046120"	"tsk_4a57abb949dfe"	"State Anxiety"
"cnt_4dfbaef575808"	"tsk_4a57abb949e0c"	"accuracy of participant minus average accuracy of controls"
"cnt_4dfbaf2722de5"	"tsk_4a57abb949e0c"	"accuracy of immediate recognition test minus accuracy of delayed test"
"cnt_4dfbaf4e94f96"	"tsk_4a57abb949e0c"	"average response time"
"cnt_4dfbb16a6335e"	"tsk_4a57abb949e27"	"Congruent"
"cnt_4dfbb1aa371fc"	"tsk_4a57abb949e27"	"Incongruent"
"cnt_4dfbb1f51259f"	"tsk_4a57abb949e27"	"incongruent minus congruent"
"cnt_4dfbcad0d0f28"	"tsk_4a57abb949e35"	"the examiner&#39;s evaluation"
"cnt_4dfbd05eb07d6"	"trm_4c8a840d6f969"	"emotional rating to picture stimuli minus emotional rating to neutral baseline picture"
"cnt_4dfbd65810a40"	"tsk_4a57abb949e44"	"substitution speed minus copy speed"
"cnt_4dfbd9e47c418"	"tsk_4a57abb949e5b"	"standard deviation from the mean score"
"cnt_4dfbe08944a96"	"tsk_4a57abb949e7c"	"accuracy of participant minus average accuracy of controls"
"cnt_4dff7fcf1b8a2"	"trm_4c8a842512a33"	"accuracy of participant minus average accuracy of controls"
"cnt_4dff8003a6b0a"	"trm_4c8a842512a33"	"Plausible Sentences"
"cnt_4dff8030b7e41"	"trm_4c8a842512a33"	"Implausible Snetences"
"cnt_4dff80aec63b6"	"trm_4c8a842512a33"	"response time to implausible sentences minus response time to plausible sentences"
"cnt_4dff8603c1398"	"trm_4c8a843d8d352"	"response time to second stimulus minus response time to first stimulus"
"cnt_4dff865de2859"	"trm_4c8a843d8d352"	"precision of participant minus precision of controls"
"cnt_4dff92a9d5875"	"tsk_4a57abb949e98"	"areas of activation during task minus baseline"
"cnt_4dff93d462d38"	"tsk_4a57abb949e98"	"standard deviation of k (discounting)"
"cnt_4dff9a6e99c08"	"tsk_4a57abb949ea5"	"standard deviation from the mean score"
"cnt_4dffaa78530b6"	"trm_4c8a8467304e2"	"average score minus participant&#39;s score"
"cnt_4dffb483c4c3f"	"tsk_4a57abb949eb3"	"participant score minus average score of non-smoking controls"
"cnt_4dffb49d604fa"	"tsk_4a57abb949eb3"	"average score of smoking controls minus participant score"
"cnt_4dffb78e1edc6"	"trm_4c8a84825c4e4"	"accuracy of participant minus average accuracy of controls"
"cnt_4dffb9c632156"	"tsk_4a57abb949ec0"	"ANOVA of time by age group"
"cnt_4dffcba5c2efd"	"trm_4c8a8497df574"	"MEPs during stimulation minus baseline"
"cnt_4dffcea990109"	"trm_4b86c473a7166"	"Single Number"
"cnt_4dffcee92f400"	"trm_4b86c473a7166"	"Single Geometric Form"
"cnt_4dffd0380146f"	"trm_4b86c473a7166"	"Single Nonsense Letter"
"cnt_4dffd0991b237"	"trm_4b86c473a7166"	"Gestalt Figure"
"cnt_4dffd0f56b850"	"trm_4b86c473a7166"	"Single Letter"
"cnt_4dffd14b5b0b3"	"trm_4b86c473a7166"	"Single Letter in Syllable Context"
"cnt_4dffd181cb7da"	"trm_4b86c473a7166"	"Two Letters"
"cnt_4dffd1dbec4b1"	"trm_4b86c473a7166"	"Sequence of Geometric Forms"
"cnt_4dffd2399ebc0"	"trm_4b86c473a7166"	"Four-Letter Nonsense Syllable (Unpronounceable)"
"cnt_4dffd280187c6"	"trm_4b86c473a7166"	"Four-Letter Nonsense Syllable (Pronounceable)"
"cnt_4dffd2bac8005"	"trm_4b86c473a7166"	"Four-Letter Word"
"cnt_4dffd3273f13e"	"trm_4b86c473a7166"	"Unspaced Four-Letter Word"
"cnt_4dffd35b101cb"	"trm_4b86c473a7166"	"Single Number (Second Time)"
"cnt_4dffd4ed38b03"	"trm_4b86c473a7166"	"# correct minus # incorrect/30 or 60 seconds"
"cnt_4dffdbbb010e1"	"tsk_4a57abb949ece"	"standard deviation from the mean score"
"cnt_4dffdbd8c48f7"	"tsk_4a57abb949ece"	"ANOVA of of score by disease timecourse"
"cnt_4dffdeb36edc5"	"trm_4af89b3a925ca"	"average time of men minus average time of women"
"cnt_4dffded7a9be2"	"trm_4af89b3a925ca"	"participant&#39;s time minus average time"
"cnt_4dffdf0929a7b"	"trm_4af89b3a925ca"	"areas of activation during task minus baseline"
"cnt_4e00ccaa100fd"	"trm_4c8a84afdd863"	"accuracy of participant minus average accuracy of controls"
"cnt_4e00e397017e2"	"tsk_4a57abb949edb"	"accuracy of participant minus average accuracy of controls"
"cnt_4e00fd3de3b0a"	"trm_4c8a84f20dde2"	"d&#39; (difference between correct identifications and false alarms)"
"cnt_4e00fd62beac3"	"trm_4c8a84f20dde2"	"reaction time after some manipulation minus reaction time at baseline"
"cnt_4e00ffaa486fa"	"trm_4c8a84f20dde2"	"path of eye movements"
"cnt_4e0101e7e8898"	"trm_4c8a85534241d"	"d&#39; (difference between correct identifications and false alarms)"
"cnt_4e0104905eaa1"	"trm_4c8a85534241d"	"frequency of participant&#39;s saccades minus average saccade frequency"
"cnt_4e0104d85693b"	"trm_4c8a85534241d"	"path of eye movements"
"cnt_4e010aebbc19d"	"tsk_4a57abb949ee9"	"Congruent Cue"
"cnt_4e010b0c971d5"	"tsk_4a57abb949ee9"	"Incongruent Cue"
"cnt_4e010b32b9f74"	"tsk_4a57abb949ee9"	"reaction time to incongruent cues minus reaction time to congruent cues"
"cnt_4e0112e7d3bca"	"tsk_4a57abb949ef7"	"RMW"
"cnt_4e011301aee39"	"tsk_4a57abb949ef7"	"RMF"
"cnt_4e01131ba65a7"	"tsk_4a57abb949ef7"	"RMW minus RMF"
"cnt_4e0113430ffad"	"tsk_4a57abb949ef7"	"participant score minus average score"
"cnt_4e011a8762e55"	"trm_4b94affc43245"	"Matrix Reasoning"
"cnt_4e011aded6b9e"	"trm_4b94affc43245"	"Block Design"
"cnt_4e011afe30540"	"trm_4b94affc43245"	"Similarities"
"cnt_4e011b28cebdc"	"trm_4b94affc43245"	"Vocabulary"
"cnt_4e011cb5c3e85"	"trm_4b94affc43245"	"participant IQ minus average IQ"
"cnt_4e0125dc5bc09"	"tsk_4a57abb949f12"	"Information"
"cnt_4e01261c45db8"	"tsk_4a57abb949f12"	"Digit Span"
"cnt_4e01263d51c93"	"tsk_4a57abb949f12"	"Vocabulary"
"cnt_4e012662da2d7"	"tsk_4a57abb949f12"	"Arithmetic"
"cnt_4e01268a18f79"	"tsk_4a57abb949f12"	"Comprehension"
"cnt_4e0126b9ec56b"	"tsk_4a57abb949f12"	"Similarities"
"cnt_4e0126dc131ec"	"tsk_4a57abb949f12"	"Picture Completion"
"cnt_4e012702f0951"	"tsk_4a57abb949f12"	"Picture Arrangement"
"cnt_4e012722eeb57"	"tsk_4a57abb949f12"	"Block Design"
"cnt_4e01278c5e632"	"tsk_4a57abb949f12"	"Digit Symbol"
"cnt_4e0127abddfeb"	"tsk_4a57abb949f12"	"Object Assembly"
"cnt_4e0129ab22608"	"tsk_4a57abb949f12"	"Verbal IQ minus Performance IQ"
"cnt_4e0129bf96513"	"tsk_4a57abb949f12"	"participant IQ minus average IQ"
"cnt_4e012e2269d7d"	"trm_4b94b12bf0eb2"	"Vocabulary"
"cnt_4e012e64947cf"	"trm_4b94b12bf0eb2"	"Information"
"cnt_4e012f7ba05e2"	"trm_4b94b12bf0eb2"	"Logical Memory"
"cnt_4e012fc0a6d05"	"trm_4b94b12bf0eb2"	"Verbal Paired Associates"
"cnt_4e01302681cd3"	"trm_4b94b12bf0eb2"	"Designs"
"cnt_4e01306ba8db6"	"trm_4b94b12bf0eb2"	"Visual Reproduction"
"cnt_4e013090c4cf1"	"trm_4b94b12bf0eb2"	"Spatial Addition"
"cnt_4e0130c979bf1"	"trm_4b94b12bf0eb2"	"Symbol Span"
"cnt_4e01329cad8aa"	"trm_4b94b12bf0eb2"	"participant score minus average score"
"cnt_4e0133e4d4fe1"	"trm_4b94b12bf0eb2"	"immediate score minus delayed score"
"cnt_4e0181c976a19"	"trm_4c8a8575d1e55"	"areas of activation during task minus baseline"
"cnt_4e0182336c9cc"	"trm_4c8a8575d1e55"	"response time of subject minus response time of controls"
"cnt_4e0219a2de6be"	"trm_4b86c55f3d5df"	"participant score minus average score"
"cnt_4e022a9861397"	"tsk_4a57abb949f2f"	"reading comprehension age minus real age"
"cnt_4e022d7430161"	"tsk_4a57abb949f3d"	"number of words divided by time"
"cnt_4e02302350f17"	"tsk_4a57abb949f3d"	"areas of activation during task minus baseline"
"cnt_4e0232312c822"	"tsk_4a57abb949f3d"	"ERP strength minus baseline"
"cnt_4e02368e6d840"	"tsk_4a57abb949f4a"	"perceptual identification"
"cnt_4e0236b247798"	"tsk_4a57abb949f4a"	"lexical decision"
"cnt_4e023794e822b"	"tsk_4a57abb949f4a"	"response time to known words minus (or learned words) response time to unknown words"
"cnt_4e0237aa75286"	"tsk_4a57abb949f4a"	"response time to pseudowords minus response time to words"
"cnt_4e0237ba58871"	"tsk_4a57abb949f4a"	"accuracy of participant minus average accuracy of controls"
"cnt_4e023b95e5100"	"tsk_4a57abb949f4a"	"latency identification"
"cnt_4e023c2ae3c76"	"tsk_4a57abb949f4a"	"primed identification"
"cnt_4e02433a9f223"	"trm_4c8a858da803d"	"areas of activation during task minus baseline"
"cnt_4e0243468cb6f"	"trm_4c8a858da803d"	"ERP strength minus baseline"
"cnt_4e0244a565d7c"	"trm_4c8a858da803d"	"BOLD activity during task minus baseline"
"cnt_4e0253808fe82"	"trm_4c8a85a4564b2"	"areas of activation during covert minus areas of activation during overt"
"cnt_4e02539674407"	"trm_4c8a85a4564b2"	"accuracy of participant minus average accuracy of controls"
"cnt_4e025467f28e7"	"trm_4c8a85a4564b2"	"ERP strength minus baseline"
"cnt_4e025470a7e77"	"trm_4c8a85a4564b2"	"BOLD activity during task minus baseline"
"cnt_4e025694022e0"	"trm_4b65e5e2ab3ca"	"response time to non-matching minus response time to matching"
"cnt_4e02569dd0139"	"trm_4b65e5e2ab3ca"	"accuracy of participant minus average accuracy of controls"
"cnt_4e025d79cc9f9"	"trm_4c8a85c5c75eb"	"pressure exerted by participant minus average pressure"
"cnt_4e025d8d96ecf"	"trm_4c8a85c5c75eb"	"accuracy of participant minus average accuracy of controls"
"cnt_4e02624559a17"	"trm_4c8a830dec136"	"areas of activation during task minus baseline"
"cnt_4e02624cbd6c7"	"trm_4c8a830dec136"	"BOLD activity during task minus baseline"
"cnt_4e026543eae67"	"trm_4c8a8329cb8ff"	"areas of activation during task minus baseline"
"cnt_4e02654a92111"	"trm_4c8a8329cb8ff"	"areas of activation during covert minus areas of activation during overt"
"cnt_4e0265502e5be"	"trm_4c8a8329cb8ff"	"BOLD activity during task minus baseline"
"cnt_4e026dfa02b6d"	"tsk_4a57abb949d09"	"standard deviation from the mean score"
"cnt_4e02713a45cdc"	"tsk_4a57abb949d09"	"Trait Affect"
"cnt_4e027155c037c"	"tsk_4a57abb949d09"	"State Affect"
"cnt_4e037a9a47d41"	"trm_4c8a83f27ac55"	"accuracy of participant minus average accuracy of controls"
"cnt_4e038151ee9fb"	"trm_4c8989e1f3df7"	"pain at baseling minus pain during acupunture"
"cnt_4e0381ab6d190"	"trm_4c8989e1f3df7"	"areas of activation during task minus baseline"
"cnt_4e038ad0147d7"	"tsk_4a57abb949889"	"accuracy without distractors minus accuracy with distractors"
"cnt_4e038b1c6fd1f"	"tsk_4a57abb949889"	"reaction time of participant minus average reaction time of controls"
"cnt_4e038ba42d3a7"	"tsk_4a57abb949889"	"reaction time (to detect target) to one stimulus minus reaction time to paired stimuli"
"cnt_4e038e680bd57"	"trm_4c898a20eb254"	"Early Blind"
"cnt_4e038e90bd3e7"	"trm_4c898a20eb254"	"Late Blind"
"cnt_4e03951a4914c"	"trm_4c898a20eb254"	"areas of activation of early blind minus areas of activation of late blind"
"cnt_4e039557ad404"	"trm_4c898a20eb254"	"areas of activation while reading words or sentences minus reading control dots"
"cnt_4e0399bbae0ed"	"trm_4c898a8fd3afb"	"areas of activation during task minus baseline"
"cnt_4e5e7c658c494"	"trm_4e5e7ac84c2e5"	"Stimulation at PT-0.7Â°C minus Baseline"
"cnt_4e5e7c5149eec"	"trm_4e5e7ac84c2e5"	"Stimulation at PT-1.0Â°C minus Baseline"
"cnt_4e03ae76b40ab"	"trm_4c898fad429ed"	"average degrees of movement minus participant degrees of movement"
"cnt_4e03b364135e2"	"tsk_4a57abb949b46"	"participant&#39;s responses vs. Nash equilibrium equation"
"cnt_4e03b6ae397cc"	"trm_4c8990c87035d"	"areas of activation during task minus baseline"
"cnt_4e03b8b959bc9"	"trm_4c8990e187dc7"	"areas of activation during task minus baseline"
"cnt_4e03b8c2457b4"	"trm_4c8990e187dc7"	"accuracy of participant minus average accuracy of controls"
"cnt_4e03bc67764f5"	"trm_4d55997cd3edb"	"response time to risky choices minus response time to non-risky choices"
"cnt_4e03bc8177610"	"trm_4d55997cd3edb"	"number of participant&#39;s risky choices minus average number of risky choices"
"cnt_4e08ed0d8815f"	"trm_4da88c904862b"	"converted A and B error score"
"cnt_4e08ed6a4d30d"	"trm_4da88c904862b"	"Initiation"
"cnt_4e08ed9422f36"	"trm_4da88c904862b"	"Inhibition"
"cnt_4e08edac14ee7"	"trm_4da88c904862b"	"Initiation minus Inhibition"
"cnt_4e08f52d8255d"	"tsk_4a57abb949b1c"	"0-back"
"cnt_4e08f54b8a426"	"tsk_4a57abb949b1c"	"1-back"
"cnt_4e08f563a47ed"	"tsk_4a57abb949b1c"	"2-back"
"cnt_4e08f5a26773d"	"tsk_4a57abb949b1c"	"3-back"
"cnt_4e08f5aa73703"	"tsk_4a57abb949b1c"	"3-back minus 0-back"
"cnt_4e08fb9717d43"	"tsk_4a57abb949de3"	"supra-span minus span"
"cnt_4e08fdee5aec9"	"tsk_4a57abb94981d"	"immediate accuracy minus delayed accuracy"
"cnt_4e08fe051b67b"	"tsk_4a57abb94981d"	"accuracy for meaningful actions minus accuracy for meaningless actions"
"cnt_4e08fe37729fc"	"tsk_4a57abb94981d"	"standard deviation from the mean accuracy score"
"cnt_4e08fefbf0382"	"tsk_4a57abb949846"	"standard deviation from the mean accuracy score"
"cnt_4e31e4ff71f3c"	"trm_4e31d031bc8c2"	"cue onset asynchrony "
"cnt_4e31e8204dad4"	"trm_4e31d69b7f422"	"cue onset asynchrony"
"cnt_4e41708078f47"	"tsk_4a57abb949e27"	"Incongruent minus neutral"
"cnt_4e495afedc2df"	"trm_4c8989e1f3df7"	"active versus sham"
"cnt_4e495e81b3a05"	"trm_4da88b8b60ffb"	"Switch minus No-Switch"
"cnt_4e496d0e46a77"	"trm_4da6304c9aa23"	"Cue minus no cue: attention orienting"
"cnt_4e496d475896c"	"trm_4da6304c9aa23"	"Spatial cue minus double cue: orienting efficiency"
"cnt_4e496d6e12225"	"trm_4da6304c9aa23"	"Incongruent minus congruent: Executive network efficiency"
"cnt_4e552738a229c"	"trm_4e550887d92de"	"Baseline minus heat stimulation"
"cnt_4e5bbed9bd8ae"	"trm_4e5bb14d814a8"	"Body ownership minus no body ownership"
"cnt_4e5d087f98fb2"	"trm_4e5d07565b68e"	"Noxious minus non-noxious stimulation"
"cnt_4e5fcfb15979e"	"trm_4e5fcd75efb58"	"Cold pain vs. Baseline"
"cnt_4e5fcfc70842b"	"trm_4e5fcd75efb58"	"Cool vs. Baseline"
"cnt_4e5fcfe2883a1"	"trm_4e5fcd75efb58"	"Thermal Grill vs. Baseline"
"cnt_4e5fcff423ea1"	"trm_4e5fcd75efb58"	"Warm vs. Baseline"
"cnt_4e5fd004d47d7"	"trm_4e5fcd75efb58"	"Heat pain vs. Baseline"
"cnt_4e611331826a0"	"trm_4e6112759926e"	"Pain versus No Pain"
"cnt_4e61222e46c9c"	"trm_4e6114e7b1ff2"	"Pain versus No Pain"
"cnt_4e664e2ed4231"	"trm_4e664d3718e1b"	"Noxious Cold minus Innocuous Cool"
"cnt_4e664e4c90bf1"	"trm_4e664d3718e1b"	"Innocuous Cool minus Neutral"
"cnt_4e68e16ce673d"	"trm_4e68e08950157"	"Painful versus Baseline "
"cnt_4e68e188bfadc"	"trm_4e68e08950157"	"Non-Painful versus Baseline"
"cnt_4e68e1b3598ac"	"trm_4e68e08950157"	"Painful versus Non-Painful"
"cnt_4e6a2fce43903"	"trm_4e6a2f61b17b0"	"Capsaicin-Evoked Pain versus Rest"
"cnt_4e6a34f8c2f2c"	"trm_4e5662373bc89"	"Heat Stimulation versus Baseline"
"cnt_4e6a45ef2fdb1"	"trm_4e6a44ee854f8"	"Cold Task versus Baseline"
"cnt_4e6a4602d08c8"	"trm_4e6a44ee854f8"	"Pain Task versus Cold Task"
"cnt_4ebca1f15eb7d"	"trm_4cacf3fbc503b"	"successful stop"
"cnt_4ebca202935c6"	"trm_4cacf3fbc503b"	"	Failed stop - critical "
"cnt_4ebca22149619"	"trm_4cacf3fbc503b"	"Failed stop - noncritical "
"cnt_4ebca2351bb79"	"trm_4cacf3fbc503b"	"Junk "
"cnt_4ebca72d737c1"	"trm_4e8dd3831f0cc"	"deterministic classification trials"
"cnt_4ebca8b8bb859"	"trm_4e8dd3dfd9fff"	"blocks of both probabilistic classification trials and deterministic classification trials"
"cnt_4ebca9e1d3a16"	"trm_4ebc6a6b75ebf"	"tone counting trials"
"cnt_4ebcaa463d20e"	"trm_4ebc98cc77e7b"	"classification learning trials"
"cnt_4ebcaa52e7dbd"	"trm_4ebc98cc77e7b"	"tone-counting"
"cnt_4ebcaa755a7e5"	"trm_4ebc728326a13"	"classification learning trials"
"cnt_4ebcaad4c41d7"	"trm_4ebc9d2e397f2"	"classification learning trials"
"cnt_4f41830a3d5a9"	"tsk_4a57abb9499ff"	"number of correctly recalled items"
